mutation	seq_id	base_at_column	match_mutant	codon_index_in_alignment	aligned_codon	mutated_codon	AA_before	AA_after	synonymous
C466T	TGP89_249180	C	NO	156	CTG	TTG	L	L	YES
C466T	TGVEG_249180	T	YES	156	TTG	TTG	L	L	YES
C466T	TGPRC2_249180	T	YES	156	TTG	TTG	L	L	YES
C466T	TGRUB_249180	T	YES	156	TTG	TTG	L	L	YES
C466T	TGRH88_062920	C	NO	156	CTG	TTG	L	L	YES
C466T	TGME49_249180	T	YES	156	TTG	TTG	L	L	YES
C466T	TGGT1_249180	C	NO	156	CTG	TTG	L	L	YES
C466T	TGDOM2_249180	C	NO	156	CTG	TTG	L	L	YES
C466T	TGFOU_249180	C	NO	156	CTG	TTG	L	L	YES
C466T	TGCAST_249180	C	NO	156	CTG	TTG	L	L	YES
C466T	TGARI_249180	T	YES	156	TTG	TTG	L	L	YES
C466T	TGVAND_249180	C	NO	156	CTG	TTG	L	L	YES
C466T	TGBR9_249180	T	YES	156	TTG	TTG	L	L	YES
C466T	TGMAS_249180	T	YES	156	TTG	TTG	L	L	YES
C466T	TGCOUG_249180	T	YES	156	TTG	TTG	L	L	YES
T612C	TGP89_249180	T	NO	204	GCT	GCC	A	A	YES
T612C	TGVEG_249180	T	NO	204	GCT	GCC	A	A	YES
T612C	TGPRC2_249180	T	NO	204	GCT	GCC	A	A	YES
T612C	TGRUB_249180	T	NO	204	GCT	GCC	A	A	YES
T612C	TGRH88_062920	T	NO	204	GCT	GCC	A	A	YES
T612C	TGME49_249180	T	NO	204	GCT	GCC	A	A	YES
T612C	TGGT1_249180	T	NO	204	GCT	GCC	A	A	YES
T612C	TGDOM2_249180	T	NO	204	GCT	GCC	A	A	YES
T612C	TGFOU_249180	T	NO	204	GCT	GCC	A	A	YES
T612C	TGCAST_249180	T	NO	204	GCT	GCC	A	A	YES
T612C	TGARI_249180	T	NO	204	GCT	GCC	A	A	YES
T612C	TGVAND_249180	C	YES	204	GCC	GCC	A	A	YES
T612C	TGBR9_249180	C	YES	204	GCC	GCC	A	A	YES
T612C	TGMAS_249180	C	YES	204	GCC	GCC	A	A	YES
T612C	TGCOUG_249180	T	NO	204	GCT	GCC	A	A	YES
G816A	TGP89_249180	G	NO	272	ACG	ACA	T	T	YES
G816A	TGVEG_249180	G	NO	272	ACG	ACA	T	T	YES
G816A	TGPRC2_249180	G	NO	272	ACG	ACA	T	T	YES
G816A	TGRUB_249180	G	NO	272	ACG	ACA	T	T	YES
G816A	TGRH88_062920	G	NO	272	ACG	ACA	T	T	YES
G816A	TGME49_249180	G	NO	272	ACG	ACA	T	T	YES
G816A	TGGT1_249180	G	NO	272	ACG	ACA	T	T	YES
G816A	TGDOM2_249180	G	NO	272	ACG	ACA	T	T	YES
G816A	TGFOU_249180	G	NO	272	ACG	ACA	T	T	YES
G816A	TGCAST_249180	G	NO	272	ACG	ACA	T	T	YES
G816A	TGARI_249180	G	NO	272	ACG	ACA	T	T	YES
G816A	TGVAND_249180	A	YES	272	ACA	ACA	T	T	YES
G816A	TGBR9_249180	A	YES	272	ACA	ACA	T	T	YES
G816A	TGMAS_249180	A	YES	272	ACA	ACA	T	T	YES
G816A	TGCOUG_249180	G	NO	272	ACG	ACA	T	T	YES
A1140G	TGP89_249180	A	NO	380	GAA	GAG	E	E	YES
A1140G	TGVEG_249180	G	YES	380	GAG	GAG	E	E	YES
A1140G	TGPRC2_249180	A	NO	380	GAA	GAG	E	E	YES
A1140G	TGRUB_249180	A	NO	380	GAA	GAG	E	E	YES
A1140G	TGRH88_062920	A	NO	380	GAA	GAG	E	E	YES
A1140G	TGME49_249180	G	YES	380	GAG	GAG	E	E	YES
A1140G	TGGT1_249180	A	NO	380	GAA	GAG	E	E	YES
A1140G	TGDOM2_249180	A	NO	380	GAA	GAG	E	E	YES
A1140G	TGFOU_249180	A	NO	380	GAA	GAG	E	E	YES
A1140G	TGCAST_249180	A	NO	380	GAA	GAG	E	E	YES
A1140G	TGARI_249180	G	YES	380	GAG	GAG	E	E	YES
A1140G	TGVAND_249180	A	NO	380	GAA	GAG	E	E	YES
A1140G	TGBR9_249180	A	NO	380	GAA	GAG	E	E	YES
A1140G	TGMAS_249180	A	NO	380	GAA	GAG	E	E	YES
A1140G	TGCOUG_249180	A	NO	380	GAA	GAG	E	E	YES
G1347T	TGP89_249180	G	NO	449	GGG	GGT	G	G	YES
G1347T	TGVEG_249180	T	YES	449	GGT	GGT	G	G	YES
G1347T	TGPRC2_249180	T	YES	449	GGT	GGT	G	G	YES
G1347T	TGRUB_249180	T	YES	449	GGT	GGT	G	G	YES
G1347T	TGRH88_062920	G	NO	449	GGG	GGT	G	G	YES
G1347T	TGME49_249180	T	YES	449	GGT	GGT	G	G	YES
G1347T	TGGT1_249180	G	NO	449	GGG	GGT	G	G	YES
G1347T	TGDOM2_249180	G	NO	449	GGG	GGT	G	G	YES
G1347T	TGFOU_249180	G	NO	449	GGG	GGT	G	G	YES
G1347T	TGCAST_249180	G	NO	449	GGG	GGT	G	G	YES
G1347T	TGARI_249180	T	YES	449	GGT	GGT	G	G	YES
G1347T	TGVAND_249180	G	NO	449	GGG	GGT	G	G	YES
G1347T	TGBR9_249180	G	NO	449	GGG	GGT	G	G	YES
G1347T	TGMAS_249180	G	NO	449	GGG	GGT	G	G	YES
G1347T	TGCOUG_249180	T	YES	449	GGT	GGT	G	G	YES
G1512C	TGP89_249180	G	NO	504	TCG	TCC	S	S	YES
G1512C	TGVEG_249180	C	YES	504	TCC	TCC	S	S	YES
G1512C	TGPRC2_249180	C	YES	504	TCC	TCC	S	S	YES
G1512C	TGRUB_249180	C	YES	504	TCC	TCC	S	S	YES
G1512C	TGRH88_062920	G	NO	504	TCG	TCC	S	S	YES
G1512C	TGME49_249180	C	YES	504	TCC	TCC	S	S	YES
G1512C	TGGT1_249180	G	NO	504	TCG	TCC	S	S	YES
G1512C	TGDOM2_249180	G	NO	504	TCG	TCC	S	S	YES
G1512C	TGFOU_249180	G	NO	504	TCG	TCC	S	S	YES
G1512C	TGCAST_249180	G	NO	504	TCG	TCC	S	S	YES
G1512C	TGARI_249180	C	YES	504	TCC	TCC	S	S	YES
G1512C	TGVAND_249180	C	YES	504	TCC	TCC	S	S	YES
G1512C	TGBR9_249180	C	YES	504	TCC	TCC	S	S	YES
G1512C	TGMAS_249180	C	YES	504	TCC	TCC	S	S	YES
G1512C	TGCOUG_249180	C	YES	504	TCC	TCC	S	S	YES
G1773C	TGP89_249180	G	NO	591	GAG	GAC	E	D	NO
G1773C	TGVEG_249180	G	NO	591	GAG	GAC	E	D	NO
G1773C	TGPRC2_249180	G	NO	591	GAG	GAC	E	D	NO
G1773C	TGRUB_249180	G	NO	591	GAG	GAC	E	D	NO
G1773C	TGRH88_062920	G	NO	591	GAG	GAC	E	D	NO
G1773C	TGME49_249180	G	NO	591	GAG	GAC	E	D	NO
G1773C	TGGT1_249180	G	NO	591	GAG	GAC	E	D	NO
G1773C	TGDOM2_249180	G	NO	591	GAG	GAC	E	D	NO
G1773C	TGFOU_249180	G	NO	591	GAG	GAC	E	D	NO
G1773C	TGCAST_249180	G	NO	591	GAG	GAC	E	D	NO
G1773C	TGARI_249180	G	NO	591	GAG	GAC	E	D	NO
G1773C	TGVAND_249180	C	YES	591	GAC	GAC	D	D	YES
G1773C	TGBR9_249180	C	YES	591	GAC	GAC	D	D	YES
G1773C	TGMAS_249180	C	YES	591	GAC	GAC	D	D	YES
G1773C	TGCOUG_249180	G	NO	591	GAG	GAC	E	D	NO
